Ano,PIB per capita (US$),Apoio Social,Expectativa de vida,Liberdade de escolhas,Generosidade,Percepções de corrupção,Afeto Positivo,Afeto Negativo,Confiança no governo nacional,Índice Real,LR Previsto,RF Previsto,XGB Previsto,País
2016,8.381088257,0.615449011,55.22499847,0.785906553,-0.087658733,0.790385723,0.586020231,0.303666711,0.483075261,4.119493484,4.364995886885545,4.578515619350006,4.649117,Congo (Brazzaville)
2017,7.335249901,0.684866846,53.70000076,0.733389914,-0.014267507,0.866806388,0.673801899,0.39133054,0.554991543,4.424490929,4.124929332122008,4.358679518693336,4.3509383,Liberia
2009,9.916161537,0.831581831,68.31999969,0.746614039,0.143404946,0.734211445,0.755948484,0.299891174,0.575284302,6.493686199,6.130261145166321,6.150739181876676,6.0628376,Chile
2019,9.53619957,0.847719729,56.20000076,0.73833853,-0.144646704,0.819823623,0.727414131,0.268456221,0.495906323,5.034863472,5.386849396410181,4.757849686993338,4.6351275,South Africa
2007,7.367519379,0.478950858,47.45999908,0.294611782,-0.013499532,0.873609602,0.597516537,0.245208368,0.228144914,4.141326904,3.352282569162636,3.599540290126667,3.7116475,Chad
2011,9.146244049,0.964418709,60.41999817,0.776791729,0.018015824,0.737993370973274,0.576615632,0.122067995,0.4937423048184345,5.791754723,5.486824083974685,5.434648382586663,5.5919633,Turkmenistan
2022,7.647816658,0.587696254,57.90000153,0.599087417,0.364203513,0.883752167,0.722409368,0.437860131,0.7331176203333335,4.279441357,4.104996336528313,4.233645574253333,3.9003186,Gambia
2022,10.69227314,0.95365274,72.84999847,0.774947405,-0.004873357,0.654698849,0.582625329,0.182902023,0.380379903125,7.662397385,6.3724002545110885,6.737844044426673,6.695112,Israel
2018,10.71986866,0.921463072,72.0,0.816377223,-0.14162302,0.581775308,0.705308378,0.282451361,0.380547434,6.665903568,6.673751550717251,6.714975665410005,6.700779,France
2011,6.69414711,0.422240019,51.52000046,0.489863038,-0.059414733,0.677107692,0.571715295,0.190344945,0.851199687,3.705894232,2.9296770166802233,3.6401417612900007,3.9737997,Burundi
2020,10.5213213,0.953437507,70.875,0.958442569,-0.088533178,0.796557486,0.574927151,0.313852519,0.45297423,6.462076187,6.247910372125629,6.338998061749994,6.3669195,Slovenia
2006,9.153956413,0.895427763,64.87999725,0.691021681,0.05841906,0.840989172,0.751927376,0.302746117,0.305137634,4.730082035,5.914372567254139,5.554820512173337,5.725097,Paraguay
2007,9.497470856,0.788307607,46.90000153,0.68998754,-0.166127637,0.858651042,0.658233047,0.210185051,0.659012496,5.204454422,4.81395364314999,4.802872494843349,4.631918,South Africa
2014,10.30413532,0.908239841,65.09999847,0.507947206,-0.267208517,0.956347883,0.564930737,0.286910683,0.344657153,6.125723839,5.440271697011937,5.512294127186674,5.1686006,Lithuania
2007,9.746398926,0.831507623,64.77999878,0.5657866,-0.143415853,0.976061046,0.500228405,0.226256058,0.275431663,3.843797922,5.163397793228238,4.48018998948334,4.592353,Bulgaria
2020,8.568556786,0.642703354,58.375,0.823720038,0.198711425,0.847024918,0.674681187,0.252728432,0.61885488,5.31948328,4.708740761553059,4.622055731569997,4.6762753,Ghana
2022,10.555429239230769,0.932082772,71.65000153,0.837544084,0.2761239091538461,0.757539809,0.671103597,0.370075017,0.6361781726153846,6.299238205,6.360989912827117,6.526226638140002,6.5159235,Malta
2022,8.074591637,0.471820921,59.42499924,0.480553567,-0.014281231,0.732310832,0.602503002,0.351545244,0.3767421543333333,3.545203686,3.9426751085545106,4.117610154893335,3.933403,Comoros
2011,8.553657532,0.924071252,62.54000092,0.934132695,0.035348363,0.52186209,0.662584543,0.122773238,0.9436735435,5.738744259,5.482695112316922,5.600528801293341,5.7387905,Uzbekistan
2011,7.428129673,0.81884402,48.97999954,0.540267944,0.02889158,0.876383662,0.578596532,0.289146483,0.394194484,4.393482208,4.059073516449221,4.282795253586666,4.306049,Chad
2012,10.56567574,0.930028617,69.83999634,0.901853085,0.282304674,0.289297938,0.785510421,0.20687817,0.61469996,7.249629974,7.135460815548598,7.108012838349996,7.160896,New Zealand
2017,9.365584373,0.848941743,68.0,0.879128158,-0.170509741,0.733588755,0.793201208,0.314343482,0.640512884,5.839518547,5.912336921006398,6.042080254546674,5.903525,Ecuador
2017,10.7699604,0.963826418,70.84999847,0.962198973,-0.006553295,0.192412779,0.755857646,0.176065788,0.59753859,7.788251877,7.213849778215964,7.743101040466661,7.7121153,Finland
2019,9.751047134,0.865968525,66.0,0.447001487,-0.09551619,0.890415609,0.307577401,0.494499028,0.154975414,4.024219513,4.765840771000747,5.02754773458667,4.3170195,Lebanon
2015,7.529865265,0.705393493,53.40000153,0.659102738,0.004729509,0.692723989,0.554707587,0.359287649,0.668077111,4.418930054,3.9903529754452904,4.3773601642566655,4.3167086,Burkina Faso
2018,10.05124474,0.917315602,67.5,0.876210928,-0.105916657,0.682916045,0.774895191,0.274945587,0.361706048,6.371714592,6.456556688221241,6.554080403700009,6.667657,Uruguay
2020,10.92447376,0.947371364,71.125,0.937931836,0.046843562,0.213841751,0.752573669,0.227101892,0.715797603,7.514631271,7.107671583714721,7.518686671239999,7.5831056,Denmark
2016,9.755462646,0.827885926,65.77500153,0.657357454,0.023057813,0.853114486,0.512747288,0.263445616,0.137951434,5.27072382,5.4465737416708855,5.146893563296671,5.117828,Lebanon
2017,8.987416267,0.851028562,61.95000076,0.925703108,-0.143116161,0.711165547,0.753483713,0.340621501,0.83773005,5.594270229,5.474428643385227,5.820804354330007,5.829279,Philippines
2010,9.306354523,0.8148257931111111,65.5,0.592695832,-0.209752977,0.618037879,0.5356725354444444,0.2670947362222222,0.4937423048184345,5.46356678,5.192963833023473,5.24705148706334,5.218123,Algeria
2015,11.12838936,0.824136674,65.40000153,0.915036201,0.19346121,0.2991170386666666,0.722089231,0.295732975,0.4937423048184345,6.568397522,6.913235728842,6.6662966633533305,6.644452,United Arab Emirates
2018,10.59912777,0.825573206,72.19999695,0.794215024,-0.028720433,0.848337233,0.662988305,0.298021138,0.352440447,6.276443005,6.193445291146629,6.180438680616675,6.1129456,Cyprus
2015,8.68314743,0.766101241,62.014999388,0.556040943,-0.169830605,0.77430135,0.536447167,0.369084895,0.4937423048184345,4.695239067,4.590241850266317,4.812960309936673,4.6610665,State of Palestine
2016,9.249965668,0.718956709,61.27500153,0.666160166,-0.04766788,0.798866451,0.471186787,0.569758058,0.418604314,4.412537098,4.720910368351159,4.525825720780002,4.5740185,Iraq
2014,9.391798973,0.908927441,61.38000107,0.804678082,0.031376246,0.737993370973274,0.613807082,0.153949738,0.4937423048184345,5.787379265,5.5804868595007555,5.450451057689992,5.55313,Turkmenistan
2010,9.410946846,0.883555114,62.20000076,0.483833194,-0.194431901,0.953752279,0.472101361,0.227200434,0.263286889,5.057561398,4.901197756450365,4.895322922063333,4.7339535,Ukraine
2015,8.519078255,0.642136157,54.90000153,0.85017246,-0.125980258,0.841359496,0.555227578,0.260670513,0.49927032,4.690830231,4.388169291122253,4.349901779510004,4.366426,Congo (Brazzaville)
2011,8.491849899,0.76570183,62.09999847,0.783369064,0.094304964,0.883963168,0.75679487,0.307470977,0.293331981,4.961031437,5.397747282919614,5.119217885306668,5.412029,Honduras
2006,7.590978146,0.723840773,60.5,0.701759934,-0.092669666,0.768155158,0.49406299,0.194670647,0.803951442,4.613099098,4.053473805454093,4.547581065536667,4.661435,Tajikistan
2015,8.59635067,0.61013329,59.09999847,0.777225256,-0.007034807,0.776434958,0.657200933,0.321829438,0.694716752,4.342079163,4.596925593391045,4.523860866156665,4.5582924,India
2018,10.14817142,0.936656713,64.59999847,0.84018296,-0.101779088,0.82378298,0.610876977,0.161542282,0.615031958,6.00763607,5.766540850180123,5.913268144930002,5.9212093,Kazakhstan
2015,9.62545681,0.893197775,63.20000076,0.856025338,-0.06784711,0.755288184,0.695385098,0.295253098,0.447033852,5.061862469,5.888126366314253,6.037230075229994,5.9336557,Dominican Republic
2019,10.52364635,0.917577505,66.69999695,0.780266464,-0.255955368,0.782501221,0.56804961,0.276054353,0.407248467,6.064097881,5.88457397231619,6.290328084713338,6.5448737,Lithuania
2012,10.78334141,0.92711705,69.51999664,0.855266631,-0.054311134,0.757572532,0.718186975,0.238276809,0.44011718,6.935122013,6.619583708947252,6.933663442956658,7.0209765,Belgium
2017,10.63210392,0.881961286,73.84999847,0.849396586,-0.21114184,0.659198642,0.691762567,0.17551218,0.412489951,5.910676479,6.520001664352556,6.025118481216677,5.8967843,Japan
2006,9.45248127,0.894326627,66.37999725,0.863195002,0.328907818,0.934745491,0.749904871,0.164122775,0.498704374,5.88543272,6.098498872751479,5.6532614962400025,5.573627,Thailand
2013,10.72353172,0.816992879,69.13999939,0.690070868,-0.000834691,0.841231883,0.754478216,0.124444835,0.264499396,6.340344429,6.367771680559191,6.357025952240011,6.1742835,Taiwan Province of China
2006,8.945660591,0.863598704,62.27999878,0.723847628,0.057247881,0.837784767,0.638567686,0.216329843,0.681650817,4.344610691,5.245239636194437,5.156984024776674,5.350034,Sri Lanka
2019,10.5721941,0.949402273,70.69999695,0.945430517,-0.106444225,0.785441816,0.621658623,0.227838457,0.397150725,6.665273666,6.391385388855269,6.553087021466668,6.7327023,Slovenia
2010,9.552669525,0.68700099,61.70000076,0.501071095,-0.125314713,0.858346641,0.516271651,0.271873325,0.697391331,4.218610764,4.52282740145446,4.763094260783332,4.721593,Azerbaijan
2010,9.445678711,0.865624785,50.59999847,0.82621938,-0.138165608,0.813985407,0.616944194,0.172184274,0.741012573,3.553020239,5.022610404456767,4.487397514940002,4.429677,Botswana
2019,9.457587242,0.88272649,64.30000305,0.715311766,-0.084162027,0.885004938,0.548534453,0.201131731,0.374282002,4.701762199,5.2698932562849095,5.412149276680004,5.4554677,Ukraine
2020,9.409337044,0.874061763,64.90000153,0.859083235,-0.057646256,0.941438973,0.698010981,0.267836064,0.181308538,5.811628819,5.796685037476744,5.826231641759998,5.594813,Moldova
2016,7.530741692,0.718718708,58.70000076,0.744307697,0.03805666,0.702880859,0.62714529,0.253940523,0.748945594,4.297848701,4.326716765456155,4.161641273419999,4.1899357,Ethiopia
2010,9.447546005,0.859969318,64.40000153,0.823902845,-0.07742469,0.779742122,0.706625521,0.281694859,0.450313658,4.735021114,5.825837117077819,5.642909389333336,5.715676,Dominican Republic
2017,9.718001366,0.883770406,66.65000153,0.684846342,-0.08121831,0.851457834,0.484643012,0.326407075,0.511197984,5.122031212,5.22798914993513,5.436955992386674,5.460626,Serbia
2011,9.383052826,0.87791878,66.87999725,0.759564519,-0.152626708,0.6920621893333333,0.55093354,0.26032415,0.7876175443333334,5.539327621,5.309870024083082,5.53224146358333,5.5853796,Jordan
2021,8.562576294,0.608395636,57.45000076,0.763992071,0.009923469,0.742719173,0.517665982,0.307363391,0.4187875890714286,4.486834526,4.364564391325086,4.858751172173331,4.847242,Pakistan
2019,9.107357979,0.764390528,64.90000153,0.877390683,-0.113695122,0.68157649,0.826422155,0.271475047,0.717041671,6.454820633,5.645562432791426,5.909011975863339,6.007003,El Salvador
2011,10.66644764,0.913309336,71.19999695,0.567738414,-0.021660324,0.933460951,0.610143721,0.265567929,0.259559691,6.057086468,6.093793987457099,6.402653970759991,6.7769055,Italy
2008,10.68938923,0.953838587,69.27999878,0.759144187,0.326848954,0.547769129,0.723952413,0.218296558,0.324165732,6.986463547,6.981850137699947,6.801551523129999,6.667382,United Kingdom
2014,9.143029213,0.880341947,62.41999817,0.834222496,0.266661018,0.650338471,0.77463913,0.324097872,0.958492339,4.938578129,5.706128067529841,5.522396740916667,5.8261127,Bhutan
2019,11.07263565,0.941784024,71.40000153,0.954044461,0.105307363,0.270571798,0.781727433,0.195486501,0.597986996,7.442139626,7.298969334618693,7.459495391930001,7.4972763,Norway
2017,9.253008842,0.63822639,62.5,0.592504799,-0.151505709,0.8024672567,0.458410412,0.414493799,0.626402659,3.929344177,4.31839662851273,4.37302217648,4.062583,Egypt
2011,8.034251213,0.721832752,57.24000168,0.499673873,-0.080622531,0.731508493,0.622124016,0.173323005,0.441241771,3.838485956,4.42651866566829,4.118973353006669,4.1873164,Comoros
2021,9.249362946,0.711321533,67.0,0.591229916,-0.203170478,0.932745636,0.451362312,0.335503727,0.317189902,4.49948597,4.577251883372913,4.475476056746659,4.608605,Tunisia
2021,10.722199439166667,0.866297543,69.13999939,0.818467379,-0.0262111750833333,0.675438643,0.667416632,0.122979514,0.437147856,6.246744156,6.301896632306386,6.500659019166662,6.685738,Taiwan Province of China
2012,10.8836441,0.945142388,70.09999847,0.919703901,0.113813803,0.770585775,0.712149978,0.156674996,0.376573861,7.400688648,6.836355096929866,7.335754795123321,7.3619714,Austria
2013,10.11516857,0.834022582,65.19999695,0.630507529,-0.076605313,0.836553633,0.604636908,0.227449417,0.233799666,5.069770336,5.694597602271212,5.492553954053325,5.483547,Latvia
2007,9.191672325,0.87226665,64.30000305,0.705305934,0.00844966,0.768984437,0.731540143,0.250595719,0.255463123,6.450644493,5.900021922662459,5.445956962920002,5.4921565,Belize
2008,10.12260914,0.855418265,63.70000076,0.630111456,-0.207658932,0.926328242,0.632725835,0.214901268,0.190757662,5.145375252,5.7221770396455565,5.405611672489997,5.2549243,Latvia
2010,9.190937042,0.768675268,61.70000076,0.486279041,-0.074861176,0.826335192,0.490835845,0.276345611,0.626402659,4.668916225,4.560050316147663,4.749468743076667,4.8600774,Egypt
2019,10.2282629,0.842498839,65.69999695,0.915778697,0.12122006,0.781943917,0.734578729,0.176071689,0.716807246,5.427954197,6.035085465612211,6.162260476720002,6.067073,Malaysia
2009,9.884036064,0.892997801,59.79999924,0.856448293,-0.253012896,0.844568431,0.594705462,0.128599972,0.711023688,5.382563114,5.416851260390864,5.671163926133328,5.5543666,Kazakhstan
2008,9.891931534,0.839467227,59.20000076,0.72658366,-0.223902792,0.899163663,0.613463759,0.15972586,0.686738968,5.886419773,5.2241535236065175,5.496423538589995,5.2153554,Kazakhstan
2013,10.50332355,0.908515871,71.63999939,0.739001632,0.147166595,0.848537862,0.648566186,0.408576161,0.451302052,7.320563316,6.269703408954095,7.058929931363327,6.7351556,Israel
2017,10.40561676,0.899984837,70.75,0.905065656,-0.179761603,0.880970538,0.607893229,0.294272572,0.501088142,5.711499214,6.032019778227017,6.06918224813999,6.0472484,Portugal
2012,8.598371506,0.782169104,62.014999388,0.541582882,-0.160552666,0.730194092,0.559733331,0.378503829,0.4937423048184345,4.646608353,4.701613676981026,4.886256426180007,5.210596,State of Palestine
2020,8.206723213,0.720046639,55.17499924,0.674509168,0.044859,0.836517215,0.626284778,0.386478961,0.498690844,5.2410779,4.425896580133362,4.876609819700006,5.0175776,Cameroon
2014,9.546331406,0.881152213,53.20000076,0.794030964,-0.12605074,0.820258021,0.729684711,0.24335815,0.487997681,4.828456402,5.495213495556662,4.7154554256433405,4.9899163,South Africa
2016,10.28911209,0.882460237,68.40000153,0.884479761,-0.106509373,0.836976767,0.812744737,0.244131789,0.329894483,6.117638111,6.510347991584402,6.677944688756668,6.711346,Panama
2017,9.390213366594676,0.556822658,53.34999847,0.456011087,5.9611298700078576e-05,0.761269629,0.564999282,0.517363787,0.461550504,2.816622496,4.286777446321544,3.5991946984733416,3.2803752,South Sudan
2019,9.569241524,0.781603873,67.09999847,0.844324112,-0.179026783,0.583472729,0.536562622,0.430463403,0.648066342,5.4880867,5.346592142825038,5.045477883173344,4.806751,Armenia
2008,9.719097137,0.922433853,65.37999725,0.678400517,-0.229712844,0.776102602,0.818030298,0.224190742,0.53069824,6.257771492,6.083460531401348,6.957797074413331,6.934057,Venezuela
2019,8.532351494,0.734995186,54.40000153,0.746269286,0.021866294,0.873035729,0.698242903,0.229003847,0.399433285,4.266484261,4.802665172612091,4.918213670283338,4.9154973,Nigeria
2008,8.910973549,0.74828732,66.18000031,0.853072047,-0.095183767,0.737993370973274,0.705133259,0.146963045,0.4937423048184345,4.84629488,5.525316609327728,5.02075835230001,5.170062,China
2015,9.427107811,0.862500072,66.59999847,0.902074754,0.312884927,0.859470963,0.789435446,0.234751269,0.739669859,4.611606598,5.9558088287621125,5.318701311713336,5.1462297,Sri Lanka
2012,7.894076347,0.523027301,53.52000046,0.768971086,-0.111103691,0.805977643,0.563014567,0.230664536,0.582080483,3.193468809,3.873421387061157,3.863595899033334,3.9679224,Benin
2019,9.589880943,0.872578919,69.0,0.821500719,-0.174859732,0.853646159,0.790579498,0.321806282,0.327981085,6.350297928,6.0843110893651,6.08400269662333,6.0603757,Colombia
2012,9.470852852,0.836743116,51.47999954,0.799410224,-0.194503754,0.814422846,0.694941163,0.171257362,0.662237763,4.835938931,5.157872786513824,4.526667040936677,4.2781568,Botswana
2016,10.88454914,0.926318586,70.52500153,0.888513982,0.075823404,0.52364099,0.713450849,0.197423846,0.432638228,7.048071861,6.896570407043894,7.050777713423334,7.0411663,Austria
2022,8.077151299,0.646345079,57.17499924,0.69769448,0.027624207,0.759754062,0.582619011,0.47688362,0.4948413471666666,5.804918766,4.270377264087028,4.702168972533333,4.5450554,Congo (Brazzaville)
2022,9.448805809,0.822743475,70.02500153,0.764267087,-0.177565202,0.88399142,0.755063951,0.378050268,0.223405022125,5.892068863,5.853285678418056,5.665506637819996,5.5308824,Peru
2018,9.576817513,0.870970428,68.82499695,0.850765765,-0.151604235,0.854820907,0.774537921,0.300624102,0.274869502,5.983512402,6.117502860683578,5.997197802783327,5.9925275,Colombia
2014,10.4115448,0.770175993,71.44000244,0.715065658,0.055447984,0.868237555,0.661480188,0.397172987,0.244740322,5.627123833,6.069047613508779,5.835147183830008,5.812338,Cyprus
2006,9.986261368,0.953579247,65.62000275,0.542479694,-0.051252428,0.945731282,0.585977197,0.307859093,0.163079232,5.264676571,5.800918939932632,5.262065164346669,5.30873,Slovakia
2014,8.841845512,0.813300192,61.84000015,0.902185738,-0.017415673,0.787219465,0.787262917,0.334036529,0.687083423,5.312550068,5.522004062460823,5.450963628253342,5.415171,Philippines
2015,8.532186508,0.911086857,65.09999847,0.512159348,-0.085864797,0.813096821,0.837068617,0.222635239,0.212657243,5.568800449,5.667684195126348,5.60366504036333,5.026475,Venezuela
2011,9.069442749,0.947885275,58.22000122,0.700345695,0.147523403,0.931158841,0.560553193,0.153232589,0.285957992,5.031173706,5.290791171759739,4.9589137394100025,5.0455484,Mongolia
2019,10.02284431,0.826719344,65.19999695,0.761964321,-0.104554117,0.68641299,0.628867805,0.400737435,0.4937423048184345,5.33022213,5.704159671516283,5.56354840283667,5.629839,Libya
2010,10.52670765,0.949940383,71.0,0.796495557,-0.141896814,0.839746296,0.645088673,0.321819484,0.302731603,6.188262463,6.41351875554683,6.394914313966655,6.3328094,Spain
2016,9.357068062,0.709218323,66.27500153,0.610986948,-0.175243273,0.921421051,0.515989423,0.437227815,0.184713036,4.325471878,4.9239565910698,4.5759089231433325,4.520853,Armenia
2016,8.73795414,0.817770958,62.014999388,0.607669413,-0.148602113,0.812464654,0.543776095,0.377641797,0.4937423048184345,4.906618118,4.729639960589694,4.798158545636671,4.770603,State of Palestine
2014,8.979589462,0.833974659,61.22000122,0.843398929,0.104752705,0.804462552,0.815518975,0.305114686,0.373200327,6.536030769,5.833475336003184,6.012952785590003,6.1201377,Guatemala
2006,11.04845715,0.958511293,69.40000153,0.959532738,0.102744296,0.397150129,0.766967356,0.197113186,0.682717204,7.415682316,7.231841472770782,7.356763820606677,7.372786,Norway
2015,10.87601948,0.9597013,70.5,0.94143641,0.217878878,0.191016391,0.801432848,0.217577577,0.579888642,7.514424801,7.434016656702957,7.599286335206669,7.593196,Denmark
2008,10.38306713,0.885925412,68.81999969,0.646464109,-0.221351773,0.932685852,0.666879535,0.309280723,0.339916795,5.716966629,5.992313448310883,5.968610092843334,5.8845587,Portugal
2011,10.00411987,0.836042464,64.59999847,0.56446445,-0.004240889,0.9342556,0.562926173,0.221713215,0.107237339,4.966811657,5.542044113055521,5.096704239803329,5.0423255,Latvia
2010,8.225715637,0.805326462,53.5,0.635457218,0.008284986,0.917921245,0.758244038,0.12320178,0.343885571,4.255859375,4.917261704864181,4.81753793485,4.7306705,Kenya
2018,9.767436028,0.852945328,66.77500153,0.739891827,-0.103393145,0.863723576,0.527079105,0.296295851,0.476144999,5.936493397,5.330447740596949,5.428501006813341,5.361205,Serbia
2016,8.232682228,0.745901227,60.90000153,0.957821488,0.073389076,0.840416849,0.71258837,0.398200303,0.739886224,4.461259365,4.982422977434048,4.591013441976665,4.4668307,Cambodia
2006,7.83403492,0.797664523,46.75999832,0.720971525,-0.008994478,0.78528136,0.663519204,0.226278365,0.526590049,4.824454784,4.490984992071596,4.297242679546667,4.024432,Zambia
2015,9.616577148,0.906693101,64.69999695,0.798935294,-0.018644908,0.771339059,0.687063634,0.324699104,0.198534787,6.546896935,6.047963184060672,6.022136440193331,5.954939,Brazil
2007,9.878193855,0.860892773,58.59999847,0.806299686,-0.249100327,0.865183055,0.556681812,0.178508401,0.711158633,5.718553543,5.206746406760438,5.523260404296663,5.2707977,Kazakhstan
2012,8.748012543,0.812921703,61.72000122,0.914499581,0.050657127,0.771167636,0.811441779,0.35112527,0.758208573,5.001965046,5.564060607782221,5.259004708909998,5.1195846,Philippines
2009,6.686863422,0.325692534,50.27999878,0.427355915,-0.017507695,0.718203425,0.60685575,0.163642839,0.754806817,3.791680813,2.8093623523043654,3.7881062047366694,3.8536363,Burundi
2008,9.447179794,0.684267223,61.13999939,0.601043284,-0.031347606,0.715124726,0.560817659,0.22679542,0.792291224,4.817189217,4.76611167717693,4.780211592613331,4.90241,Azerbaijan
2010,8.362595558,0.82174629,62.25,0.504262269,-0.118035041,0.752414644,0.552512765,0.381490052,0.4937423048184345,4.702603817,4.663765393067063,4.933603372603332,5.2059155,State of Palestine
2011,10.1739254,0.917293429,66.72000122,0.727163136,0.007831814,0.907132328,0.588251173,0.287409574,0.278723896,5.945048332,5.926313289733978,5.771429844040005,5.7125206,Slovakia
2013,9.275876045,0.723260045,65.51999664,0.504081845,-0.198420092,0.899796784,0.502904475,0.449949831,0.260400474,4.277191162,4.767059755550804,4.573717911989999,4.4380455,Armenia
2021,10.88904572,0.97985822,72.05000305,0.923243344,0.257897198,0.664465606,0.805808485,0.1591032,0.633886755,7.564624786,7.0218735488124615,7.50024233344667,7.5374475,Iceland
2021,8.081596375,0.567651093,56.84999847,0.737661481,-0.019420257,0.732729912,0.567556679,0.420455933,0.522122145,4.920531273,4.125159900811116,4.573811161523331,4.559734,Congo (Brazzaville)
2020,9.914636612,0.892565966,63.875,0.842598081,-0.036158979,0.771790087,0.699538052,0.138401791,0.543944299,6.015300274,5.870660250742917,5.918409690830005,6.07881,Mauritius
2010,9.511734962,0.68685478,64.90000153,0.513183951,-0.062831566,0.856452644,0.472753972,0.313819051,0.3689686955454545,4.180202007,4.753401890354986,4.615222179143327,4.600334,North Macedonia
2005,9.497694016,0.765978038,64.30000305,0.651167691,0.1533537613846153,0.636490345,0.514641285,0.456109405,0.55480504,5.308190346,5.2942993730635735,4.7764638964899975,4.8533487,Iran
2012,10.11942577,0.906113982,66.12000275,0.56923151,-0.139944121,0.930297315,0.581948757,0.315398008,0.209778264,4.683358192,5.673702319635677,5.327038253156668,5.4096074,Hungary
2016,10.89391708,0.925944209,71.17500305,0.907310009,0.234609216,0.43330425,0.73700738,0.214850739,0.572273314,7.540877342,7.025312033138331,7.221666766836669,7.1820717,Netherlands
2008,8.046941757,0.466553479,60.15999985,0.606012166,-0.05712276,0.801819921,0.544638395,0.231860757,0.761932433,5.052278519,3.7657003851083104,4.405582168870004,4.3360305,Bangladesh
2012,9.168133736,0.918516099,58.63999939,0.688311696,0.102935001,0.932385981,0.524273217,0.181066349,0.310268313,4.885150433,5.1515371067565745,4.7932963306300005,5.0239005,Mongolia
2022,10.4066782,0.928089976,66.5,0.817082405,0.018949265,0.844229579,0.631815553,0.160736203,0.2360214252666666,6.054838181,6.1483758992662665,6.168355064480005,6.1449704,Latvia
2014,8.307733536,0.765436411,55.58000183,0.819018543,0.163666427,0.849194229,0.778699398,0.221096709,0.635234892,4.904579639,5.024649396045735,4.8616298293899884,4.7638803,Kenya
2008,7.363130569,0.570834816,47.84000015,0.526610374,0.060693197,0.943553567,0.569265902,0.225483745,0.348725855,4.632468224,3.55316338459561,3.751560436883332,3.7272108,Chad
2010,7.245351315,0.811872959,47.79999924,0.726268828,0.011262072,0.910440624,0.497324437,0.290469229,0.651547968,4.133955956,3.7526293884341584,3.9704532576433342,4.006918,Sierra Leone
2019,8.403866768,0.759175479,61.5,0.956799209,0.009721675,0.828444481,0.703703225,0.3895863,0.7778089443333333,4.998284817,4.988625153876008,4.797228349063332,4.8411455,Cambodia
2006,8.935538292,0.812182605,59.47999954,0.554478109,-0.166970164,0.926055431,0.553242445,0.254923016,0.406982303,5.102071285,4.762625159559825,4.608651307446666,4.710757,Moldova
2019,10.72401428,0.921578526,71.5,0.923966825,0.079577953,0.689410567,0.641677618,0.356243938,0.704372525,6.73297739,6.390654163132229,6.65606300509333,6.591693,Malta
2012,9.584786415,0.599542618,65.27999878,0.764418423,0.1533537613846153,0.677707136,0.529298484,0.524968743,0.718554199,4.608927727,4.973982802708672,4.665148636566654,4.5590243,Iran
2019,10.73471642,0.958348095,72.09999847,0.827240825,-0.137017593,0.568272293,0.692844808,0.250415534,0.381849229,6.689644337,6.727967334996267,6.752157262229999,6.9186916,France
2009,10.60560417,0.921288133,62.0,0.639405668,-0.109221876,0.44513157,0.682754934,0.319474906,0.4937423048184345,6.14759016,6.308258742440303,6.3123883422233344,6.466511,Saudi Arabia
2020,8.489839554,0.739289463,54.72499847,0.713061512,0.096645422,0.912774444,0.737175941,0.315886825,0.309500486,5.502948284,4.904135225010673,4.864199125780002,5.0117803,Nigeria
2015,9.245276451,0.8399055,62.90000153,0.595241427,-0.092726655,0.943118811,0.555981815,0.281455815,0.174305618,6.017472267,5.118674400665807,5.47294888495001,5.3234463,Moldova
2021,10.0345459,0.913873136,67.5,0.8987239,-0.050625291,0.60564214,0.746208131,0.26320982,0.485830873,6.501700401,6.367834776374522,6.411824932243327,6.4076734,Uruguay
2022,8.989866257,0.878923297,65.59999847,0.959019244,0.308950752,0.615844429,0.741081834,0.224579901,0.9436735435,6.016238689,5.730358168460787,5.925043671333347,5.921334,Uzbekistan
2009,7.590881824,0.732557058,50.95999908,0.633815944,0.008913196,0.819207728,0.728791058,0.149751499,0.479649901,3.976598501,4.433632705519194,4.140967905460005,4.208328,Mali
2011,9.229196548,0.841938436,64.68000031,0.82263726,0.13928616,0.760300696,0.73049593,0.174926728,0.855967104,4.180569172,5.581897363659646,5.139155407820003,5.0720377,Sri Lanka
2009,8.087361336,0.527813554,60.68000031,0.630931079,-0.088206336,0.776003957,0.505846858,0.223253846,0.829859614,5.08285141,3.7933737115596813,4.538812619856667,4.579516,Bangladesh
2007,9.193846703,0.838859499,64.77999878,0.669843376,-0.066260122,0.829651475,0.803224921,0.286144197,0.47462526,4.995875359,5.758689660241256,5.864394941410001,5.8794417,Ecuador
2014,7.748008728,0.765838981,50.0,0.642033815,-0.058241516,0.820217133,0.66130662,0.239110738,0.56620872,4.184450626,4.245971157700751,3.8504937823300014,3.7624328,Zimbabwe
2010,7.462245941,0.733713627,48.59999847,0.504612565,0.0230776,0.857664049,0.56018573,0.287240535,0.319014966,3.742871046,3.9123895024644426,4.036929732236664,4.1420674,Chad
2008,9.70412159,0.915759027,68.87999725,0.912005961,0.089306071,0.815712631,0.838356972,0.23294723,0.360780925,6.850679874,6.616194894106194,7.291428999793343,7.3356256,Costa Rica
2020,11.0048933,0.937369823,65.97499847,0.850447297,0.029316831,0.678124607,0.721989095,0.295499027,0.464917094,7.028088093,6.612368295710578,6.933879504233341,6.8497934,United States
2012,7.946098328,0.711077392,57.29999924,0.668252289,-0.038941775,0.851879895,0.721606612,0.213602841,0.645107508,3.668736935,4.5231871221918425,4.195043574206668,4.415618,Senegal
2010,9.962940216,0.85695523,68.5,0.786367476,0.101961553,0.701824725,0.759538412,0.300116688,0.478705615,6.63565588,6.305436741141273,6.274350539853338,6.4059553,Chile
2016,8.573054314,0.773909986,61.72499847,0.850046694,0.079038411,0.792875171,0.790041089,0.296846688,0.389274508,5.648154736,5.512276699783133,5.327917416946672,5.548612,Honduras
2007,10.87634659,0.943854094,70.77999878,0.896018088,0.34030652,0.445436567,0.718050301,0.213335603,0.661945999,7.451879501,7.062994906636524,7.26703521090667,7.295999,Netherlands
2012,10.7178812,0.825072408,69.13999939,0.698195159,0.017362813,0.802829146,0.701637328,0.140010804,0.33514151,6.125916958,6.276087857699544,6.378542664769999,6.1732864,Taiwan Province of China
2011,10.1268425,0.893662214,65.95999908,0.631100118,-0.092765242,0.939908028,0.586092055,0.304519564,0.35979417,4.917602539,5.637639837867777,5.314531296146668,5.3954,Hungary
2013,8.358598709,0.607087076,55.27999878,0.447909594,0.093922131,0.791835248,0.474416286,0.273709893,0.260006875,5.138082504,4.02987561654723,5.021706395966677,4.815203,Pakistan
2016,10.78903675,0.862700105,66.125,0.888691068,0.083301701,0.5531730176,0.736219883,0.283466339,0.4937423048184345,6.169673443,6.6246478766021735,6.482121931679988,6.5139017,Bahrain
2020,10.58029938,0.959072173,72.55000305,0.831315815,-0.056511819,0.74763906,0.564403653,0.242825732,0.388938516,7.194928169,6.272785000612487,6.628497980413337,6.7686696,Israel
2011,9.299640656,0.725242853,67.0,0.333312094,-0.035210427,0.924784362,0.551055074,0.325734705,0.2029372771818182,4.994670868,4.857663335127086,4.930374875099996,4.9010625,Bosnia and Herzegovina
2008,7.364132404,0.726650596,50.31999969,0.612064183,-0.099447191,0.88712436,0.538071811,0.303892225,0.462704718,3.846438885,3.8244013780620634,4.152726147970001,4.0563946,Burkina Faso
2014,7.717155933,0.789081037,56.04000092,0.654125094,0.10997434,0.877885878,0.693071842,0.241430685,0.645994246,3.483278513,4.4784026781033255,3.9151914650999986,3.9188042,Tanzania
2018,8.865442276,0.920821011,64.40000153,0.969897985,0.311532587,0.520360112,0.746031344,0.208660305,0.969356358,6.205460072,5.857953646484139,6.002918162600024,6.0654902,Uzbekistan
2014,10.06688499,0.917870402,66.77999878,0.745057762,-0.167843536,0.854191601,0.769468009,0.237912863,0.408961415,6.671114445,6.1605486430697525,6.498059393660008,6.485617,Argentina
2021,9.647734642,0.670689464,64.94999695,0.777061343,-0.287350744,0.723406911,0.509632826,0.240043506,0.443020523,4.911273479,4.9476222883931165,5.1269796276633315,5.0287895,Georgia
2018,10.34568596,0.940591395,67.05000305,0.692627072,-0.246664539,0.911277413,0.59467715,0.201082885,0.388044029,5.935770988,5.7653272047130315,5.794164191880001,5.8392577,Hungary
2014,9.185947418,0.904827833,62.08000183,0.71941328,0.405317962,0.970144212,0.757046998,0.241678208,0.653533399,5.597375393,5.592963709236866,5.522668070046668,5.6299057,Indonesia
2011,7.59893322,0.881751359,52.93999863,0.732973993,0.028986119,0.830123901,0.618214846,0.25448221,0.52145654,4.826001167,4.555442149676711,4.267837688846669,4.3489995,Uganda
2018,9.590117455,0.881505251,65.22499847,0.75060904,-0.120403156,0.763251305,0.676684558,0.349656254,0.16818665,6.190921783,5.896765084807392,5.925936426993336,6.1118283,Brazil
2008,10.89392567,0.944202244,70.81999969,0.883287251,0.361144722,0.418940485,0.67915082,0.181690425,0.617428839,7.631011963,7.019216154373716,6.943762605906665,7.0994434,Netherlands
2011,10.5149765,0.944443703,71.12000275,0.818650901,-0.125642389,0.845543444,0.666956425,0.356101543,0.308662713,6.518249035,6.458368321460723,6.41206326959666,6.2709217,Spain
2014,10.71390152,0.952016532,70.48000336,0.933043957,-0.005021296,0.265479892,0.766498208,0.198813885,0.468558848,7.384571075,7.221655287443324,7.460502748576667,7.3570237,Finland
2012,10.48427868,0.767177105,71.12000275,0.724629581,0.093665473,0.870691717,0.687085271,0.368632913,0.3364124,6.180507183,6.119129350421012,6.275230229646666,6.271751,Cyprus
2017,8.21367836,0.69459641,53.15000153,0.766945004,-0.033227805,0.84358561,0.632240534,0.377498746,0.578775525,5.07405138,4.376759661339101,4.763084215223338,4.851891,Cameroon
2010,9.940361977,0.90378648,60.40000153,0.784851849,-0.218688875,0.82270366,0.655472875,0.148950696,0.706021845,5.514286518,5.561074849889863,5.7142958641166635,5.5131507,Kazakhstan
2014,10.21977806,0.87347424,68.13999939,0.893915117,-0.001901733,0.846593857,0.798749387,0.253815651,0.4400675,6.631171227,6.421604966746768,6.59753591528666,6.5298905,Panama
2017,9.887653351,0.881199837,66.80000305,0.625906289,-0.086646661,0.755680025,0.493103802,0.349785089,0.351549894,5.614798546,5.435608999606803,5.4440632152933395,5.532303,Montenegro
2017,9.516662598,0.822770596,66.80000305,0.827077389,0.085094735,0.844210029,0.728681266,0.269727528,0.517589927,4.330945492,5.776946653811672,5.145940664626669,5.000895,Sri Lanka
2011,10.7325325,0.921669245,70.86000061,0.950925291,0.249269426,0.432991534,0.802899837,0.247728661,0.553290546,7.426053524,7.2156585715045125,7.398479380583338,7.4118524,Canada
2022,7.276751995,0.596891046,56.70000076,0.731640577,0.154321343,0.828494132,0.636873662,0.438816667,0.5515647727777778,4.04226017,3.9842071338831886,4.142217295936666,3.9651525,Liberia
2012,9.246742249,0.787818193,67.22000122,0.808255136,-0.187488616,0.737993370973274,0.689159811,0.158702999,0.4937423048184345,5.094917297,5.586231938060436,5.0858366433166715,4.9689927,China
2018,8.996167183,0.553759754,63.59999847,0.773180425,-0.243001193,0.843172729,0.574673593,0.415981561,0.454724461,4.896791935,4.565751368697917,4.815283357396679,4.948882,Morocco
2020,9.278607368,0.792374492,63.32104755646055,0.879837573,0.304365307,0.90989387,0.592677712,0.201458037,0.247848466,6.294414043,5.459981858593128,5.581462697956671,5.5242686,Kosovo
2018,11.64539528,0.902192414,71.57499695,0.883929849,-0.026822932,0.385146111,0.714694262,0.201894343,0.755200863,7.242630959,6.99264761125483,6.888849283826667,6.9424796,Luxembourg
2020,8.360816002,0.724422634,61.70000076,0.963075459,0.05026247,0.863053977,0.770770192,0.38985163,0.7778089443333333,4.376985073,5.04394497920962,4.837218873440001,4.6742907,Cambodia
2013,7.614126205,0.878275216,54.61999893,0.76302135,0.049727295,0.820480824,0.646537483,0.34635675,0.577862203,3.709578753,4.64891148827698,4.340277709890004,4.484917,Uganda
2017,8.830646515,0.942131102,64.09999847,0.985177755,0.116439149,0.464641601,0.745110095,0.202737495,0.964690447,6.421447754,5.878448382824239,5.971228528133347,5.9942975,Uzbekistan
2006,8.067016602,0.728269994,52.54000092,0.849283397,0.211543143,0.814070404,0.637270749,0.197606653,0.641168416,4.535019875,4.646337749233588,4.537713425200001,4.5094843,Ghana
2009,8.438661575,0.72208178,51.18000031,0.53672111,0.066227272,0.913195729,0.730262756,0.225123048,0.232548922,4.980220318,4.746485505331265,4.885740355693337,4.940741,Nigeria
2017,7.59486866,0.73353976,59.09999847,0.717101216,0.001010043,0.75689894,0.51432842,0.304436177,0.768354297,4.180315495,4.034520869840076,4.112938846749994,3.9391985,Ethiopia
2014,9.649187088,0.933167398,67.81999969,0.899846315,0.550825179,0.919834435,0.768266082,0.16873844,0.720304966,6.985463619,6.199996143812562,6.153280429853337,5.9017406,Thailand
2022,10.68542004,0.869363606,72.125,0.710519016,0.028278332,0.818708301,0.624130607,0.298130304,0.2824851246875,6.258476734,6.180036818012944,6.503933782629997,6.5010176,Italy
2020,9.732022285,0.866702616,68.375,0.840463281,0.272304952,0.918340027,0.770296693,0.326168567,0.333083987,5.884544373,6.171947633361839,6.155918757123332,6.136013,Thailand
2010,11.26593971,0.864162147,72.30000305,0.846184611,-0.022667632,0.060282066,0.527337015,0.131343439,0.904517174,6.531401634,6.626746195958955,6.322898847176657,6.6360908,Singapore
2016,7.95836401,0.492815852,54.59999847,0.779795229,-0.064475536,0.837715745,0.578206301,0.455767602,0.63744539,4.007357597,3.8336213369724277,3.8552845700233345,4.027939,Benin
2018,10.34578705,0.904389799,68.59999847,0.861448109,-0.134812459,0.83693099,0.840996861,0.222598746,0.277477711,6.281434059,6.614710413291602,6.7577300230800095,6.715073,Panama
2017,9.905106544,0.799839377,65.80000305,0.861405134,-0.205978364,0.800893068,0.775285363,0.230990887,0.25695315,6.410299301,6.084677279839115,6.463776550336674,6.402456,Mexico
2021,9.745490074,0.882821918,68.44999695,0.835590303,0.292775661,0.943129361,0.71892941,0.297737539,0.239433169,5.638096809,6.125730261863032,6.067947918603323,6.0423584,Thailand
2021,8.464528084,0.702200711,58.5,0.678108215,0.31601575,0.841331422,0.74483794,0.252963096,0.51475817,4.464540958,4.90123759986491,4.574226841773325,4.7002788,Kenya
2014,9.859636307,0.781964958,65.66000366,0.779132903,-0.098690033,0.629851162,0.759792626,0.22873041,0.327582031,6.679831028,6.09076063374966,6.455460360823331,6.442053,Mexico
2014,7.615059376,0.63771373,51.38000107,0.68355757,0.005591684,0.705246389,0.643382549,0.351264536,0.571207225,3.4124825,4.129477329217423,4.372685011979996,4.663833,Guinea
2013,10.81886101,0.931420565,70.05999756,0.894312978,0.019869423,0.56579423,0.693133771,0.204995915,0.557760656,6.965125084,6.729082917745293,6.914962569910005,7.002715,Germany
2011,10.11243629,0.889073491,66.41999817,0.815802038,-0.177721888,0.754645705,0.768942535,0.231855154,0.607537687,6.775805473,6.1635708525741375,6.338904771836675,6.3735538,Argentina
2022,8.644883156,0.728614807,64.27500153,0.851199389,0.081259228,0.834249735,0.774555802,0.288929313,0.330604299,5.931803703,5.427548884786944,5.392078716790005,5.4289227,Honduras
2014,10.96867847,0.967744648,70.58000183,0.921629548,0.258487821,0.406036258,0.736091077,0.228723049,0.459882379,7.018379211,7.2508910340026045,7.348213915896661,7.3459225,Ireland
2019,10.28714275,0.935988724,68.59999847,0.739300609,-0.143352598,0.931614637,0.503806353,0.269154519,0.286501437,5.625743866,5.701617291907898,5.667855693500004,5.765484,Croatia
2021,8.99896431,0.778192103,62.04999924,0.905275464,-0.008972425,0.72116226,0.789731145,0.322941482,0.763208687,5.96505785,5.453528717282651,5.462737498230009,5.614123,Philippines
2021,8.479482651,0.904273272,66.84999847,0.91787082,0.203469187,0.90251559,0.659907758,0.226462573,0.582115293,5.563699722,5.387911792507989,5.730005132359997,5.6418786,Kyrgyzstan
2019,9.577898979,0.88675642,63.59999847,0.854248524,-0.217628807,0.457260668,0.576897144,0.163920254,0.857845366,5.173389435,5.475992777023713,5.678025821069996,5.6193476,Azerbaijan
2011,9.633741379,0.916252911,64.05999756,0.833655775,-0.075442813,0.662166715,0.698406935,0.267524213,0.502891362,7.037816525,6.023741894190206,6.27620047095667,6.478209,Brazil
2019,9.051198006,0.7843014,63.29999924,0.88131094,-0.086886063,0.857220411,0.700826466,0.419328213,0.300631315,5.67427063,5.494706251781281,5.658788673073346,5.6092443,Bolivia
2009,10.63567162,0.964428782,69.33999634,0.816228807,0.337423772,0.558927298,0.739177883,0.231028661,0.384066552,6.90654707,7.0131707578392835,6.772771820999999,6.6796317,United Kingdom
2018,11.33068848,0.937862396,71.0,0.861471593,0.139545679,0.362210244,0.753603339,0.213050067,0.618405282,6.962335587,7.161403276361089,7.134311831776674,7.1054263,Ireland
2019,10.00205326,0.89637053,67.09999847,0.817052603,-0.214476675,0.830459774,0.734905839,0.319054842,0.273853004,6.085560799,6.136991149735945,6.006562059826669,6.015106,Argentina
2009,9.3805933,0.87816149,64.63999939,0.862979472,-0.055421017,0.805910408,0.708645999,0.279788464,0.409594834,5.431613922,5.906254966865733,5.76518262232667,5.881489,Dominican Republic
2019,9.623641014,0.773667216,53.90000153,0.832542658,-0.230794713,0.792079508,0.665049851,0.272721767,0.690069556,3.471084833,5.04100469622788,4.109417707956666,4.128459,Botswana
2010,9.973744392,0.92753309,67.5,0.754523695,-0.012504512,0.87982583,0.840976536,0.146368757,0.536404312,7.3214674,6.321321369089858,6.813629301540003,7.0179386,Panama
2018,7.607178211,0.684799969,56.70000076,0.718728781,0.44307217,0.691069543,0.758668125,0.3792077,0.757543445,4.922099113,4.635526280933714,4.547373225693334,4.338254,Gambia
2014,9.780064583,0.862930357,66.51999664,0.50266552,0.09293133,0.768465519,0.544968426,0.367646754,0.402112842,5.282720566,5.412633584317607,5.362969010740006,5.231405,Montenegro
2020,9.42607975,0.884686291,64.42500305,0.784273446,0.123323813,0.945668995,0.628791153,0.284736186,0.230166271,5.269675732,5.617035026513875,5.638675363859993,5.5920677,Ukraine
2009,7.176107883,0.71845001,48.54000092,0.879161239,0.15050742,0.68892628,0.694449782,0.130396396,0.829375684,5.148239613,4.274769518897994,4.379921511693337,4.5650153,Malawi
2016,7.558389664,0.764401138,53.77500153,0.644681513,0.000605892,0.720542431,0.590086639,0.337300181,0.663711369,4.205634594,4.143993759935135,4.212244765710002,4.182762,Burkina Faso
2021,7.386903286,0.609334111,54.5,0.659139514,0.109318823,0.851488411,0.537982225,0.448415697,0.753032207,3.714294434,3.546524711607187,3.9349019796200038,3.7503207,Sierra Leone
2010,8.900547028,0.859052479,60.09999847,0.695862949,0.163531289,0.794835389,0.804730654,0.235617921,0.340046316,6.289748669,5.753009486696973,5.793050602179985,5.8938394,Guatemala
2021,8.501598358,0.741560102,55.04999924,0.725732863,0.05000848,0.911945105,0.666297317,0.188105255,0.252334535,4.47926569,4.781097003798308,4.881060317393334,4.851601,Nigeria
2009,8.656476021,0.842402101,66.86000061,0.74825877,0.078968987,0.687760472,0.490969032,0.292455465,0.4937423048184345,4.978970528,5.151984294772916,5.151055595886669,5.0847626,Syria
2010,7.903593063,0.69716382,59.0,0.940131187,0.348259807,0.895714462,0.66197139,0.421966344,0.895580769,4.141072273,4.622601530942365,3.9506697098433325,4.1776667,Cambodia
2019,10.39357376,0.94651556,67.19999695,0.798041046,-0.198927522,0.883571446,0.652892768,0.180348128,0.483934194,6.000259876,5.985820477638452,6.032200926186668,6.275368,Hungary
2011,9.304624557,0.818051338,66.13999939,0.7883057,-0.158127472,0.701595664,0.805906117,0.27068767,0.593581021,5.795088291,5.860170211643199,5.998331777279998,6.0889206,Ecuador
2013,10.01462269,0.830900133,65.63999939,0.79131043,0.262077361,0.755383492,0.664112806,0.316551626,0.754481137,5.770199776,5.792564790621565,5.70752988819667,5.291542,Malaysia
2017,8.602948189,0.84335494,62.15000153,0.898377419,0.071166404,0.783429444,0.796158135,0.248383343,0.495585024,6.019985676,5.63534531800553,5.8938955418400125,5.8133326,Honduras
2010,8.507943153,0.903226435,62.29999924,0.9336453717857144,-0.036957644,0.51872021,0.664852977,0.151882708,0.9436735435,5.095342159,5.4179768156455275,5.44281101701,5.601254,Uzbekistan
2019,7.368637085,0.700610101,57.29999924,0.549535215,-0.011192818,0.719982684,0.698719621,0.303959668,0.660091162,4.339087486,4.1687864362334395,4.024501195776666,4.108246,Madagascar
2013,10.31038094,0.867180824,70.01999664,0.78803277,-0.122254021,0.946257353,0.664723635,0.347898155,0.17921339,5.157688141,6.165908016148062,5.358812201839988,5.394194,Portugal
2018,9.917302132,0.858068883,65.80000305,0.816200495,-0.183739126,0.808638096,0.815285325,0.213254362,0.294568479,6.549578667,6.200881572215781,6.776931413110012,6.6776943,Mexico
2013,8.418934822,0.585450053,59.81999969,0.45488289,0.221554503,0.663430989,0.353619248,0.622229934,0.4937423048184345,2.687552929,3.8925478007414647,3.6972440750500013,3.3653154,Syria
2007,10.01307106,0.862205565,65.94000244,0.652832627,-0.144076824,0.881057739,0.749825895,0.279007971,0.405823737,6.073158264,5.965416032116277,6.180349396079994,6.0470924,Argentina
2008,10.87771797,0.953911722,68.95999908,0.969788373,0.26788044,0.247505307,0.759462297,0.163090929,0.665933907,7.970891953,7.312069792452888,7.559581364020009,7.7163434,Denmark
2011,9.223750114,0.714891434,66.37999725,0.603123665,-0.203948289,0.912656903,0.513189495,0.248196974,0.472290635,4.87648201,4.731735896257597,4.905668644890002,4.7699795,Tunisia
2013,10.47276211,0.942231417,70.94000244,0.909436285,0.402377993,0.687757035,0.629010856,0.369558126,0.661522508,6.379924774,6.49777342631381,6.363912219969997,6.405087,Malta
2019,9.334190369,0.842511177,63.32104755646055,0.841189623,0.244229168,0.920297265,0.611600041,0.140792355,0.308195412,6.425144196,5.5122715921196495,5.809857254836667,5.8955364,Kosovo
2020,8.066671371,0.506636083,55.79999924,0.783114672,-0.082944684,0.531883657,0.556501985,0.304512441,0.806810319,4.407745838,3.9626597889329567,4.256735380403336,4.0382776,Benin
2015,10.42820835,0.901163757,70.0,0.896007299,0.004144723,0.892197907,0.644497395,0.26141873,0.202604815,5.740642071,6.369436982907123,6.171814518013337,6.1968575,Slovenia
2007,9.08853054,0.848765194,56.24000168,0.694005668,0.084674142,0.835569084,0.760633051,0.29641977,0.464712054,5.992826462,5.494701005304293,5.011170195739996,5.3216343,Guyana
2012,10.49263954,0.77539736,71.33999634,0.61839807,-0.0508529558125,0.843719423,0.610191762,0.206364661,0.230812564,6.003286839,5.907459987513997,6.066071488180012,6.1105113,South Korea
2013,10.00325775,0.777552068,65.94000244,0.654542148,-0.132834226,0.95184356,0.540932298,0.32861948,0.241623357,5.081584454,5.343072481670028,5.175004574620001,5.074792,Romania
2016,8.533226013,0.784826875,59.125,0.466561466,-0.177736133,0.841835141,0.710193098,0.221666142,0.208929226,4.472149372,4.8992338168497795,4.5961293276700035,4.412197,Mauritania
2018,9.029177666,0.779269755,49.29999924,0.709973693,-0.179012388,0.692341149,0.739475906,0.252339154,0.689548731,4.211565018,4.876000237620929,4.642047917846673,4.5854554,Eswatini
2021,10.35668087,0.736194909,68.75,0.44652763,-0.036791019,0.810165942,0.297092021,0.470578879,0.4937423048184345,4.366639614,4.641291325411647,5.2966512266866586,4.6719284,Turkiye
2016,6.981190205,0.594416559,48.5,0.917322814,0.07278128,0.44080174,0.772739649,0.193282232,0.700681686,4.667941093,4.3749387170730145,4.825446420529993,4.903664,Somalia
2015,9.350626945,0.722551048,66.0,0.551026642,-0.206866056,0.901462197,0.526852846,0.43794772,0.170927867,4.34831953,4.931935114187546,4.6750832446433295,4.5568776,Armenia
2013,9.800621033,0.902069271,69.68000031,0.897879303,0.011099298,0.812863111,0.808915198,0.278147429,0.26219371,7.158000469,6.553221116572983,6.97648234361333,6.8461885,Costa Rica
2010,9.892935753,0.794905484,66.90000153,0.514920354,-0.189835683,0.810895741,0.53223002,0.327065974,0.4937423048184345,5.490347385,5.175658722025744,5.2322677453900015,5.26244,Turkiye
2011,8.902074814,0.837149739,42.5,0.60715723,-0.066723406,0.917250097,0.756366313,0.251053393,0.353280842,4.867091179,4.851324994217162,4.890055503103334,5.1324444,Eswatini
2017,9.570453644,0.909249961,68.65000153,0.837554634,-0.160499662,0.87501812,0.790257096,0.299308956,0.221882597,6.157341957,6.2271312213670225,6.252821756996658,6.1772113,Colombia
2008,9.542919159,0.831905305,49.72000122,0.857776403,-0.164285123,0.806226492,0.676590025,0.217885971,0.880429506,5.451147079,5.065044312196889,4.4537091215300055,4.3187404,Botswana
2017,10.63540173,0.919791222,71.75,0.632843256,-0.038876455,0.866667926,0.612839162,0.322846144,0.230196297,6.198870182,6.175741935994395,6.216636479696668,6.4795694,Italy
2017,8.466096878,0.661375344,53.65000153,0.732097924,-0.111685604,0.770940244,0.662436187,0.35745579,0.516654313,5.037734985,4.52727303089684,4.588450481026671,4.612332,Ivory Coast
2015,9.562101364,0.889900029,68.30000305,0.790897965,-0.103279702,0.842899323,0.803392112,0.291769385,0.271786749,6.387571812,6.203093871362027,6.295011496539989,6.3817215,Colombia
2018,7.354710102,0.57725358,51.625,0.650354564,0.023422049,0.762879312,0.532490015,0.543836236,0.57743603,4.486325264,3.58058250203597,4.034778873123329,3.970454,Chad
2012,10.13692188,0.935923874,67.45999908,0.811301708,-0.029424023,0.887895823,0.710892498,0.266746789,0.268628746,5.87593174,6.308795556664522,6.26067040766666,6.425885,Poland
2017,9.525407791,0.908454895,61.90000153,0.720399201,0.065373786,0.737993370973274,0.487965137,0.349627674,0.4937423048184345,5.229148865,5.274367523359441,5.272348891853331,5.426099,Turkmenistan
2018,9.613274574,0.794936001,53.625,0.817621112,-0.245726705,0.806945443,0.687993288,0.267083704,0.718788147,3.4613657,5.078677210530724,4.10749906859,4.0135446,Botswana
2015,10.87566471,0.928110301,70.40000153,0.900305152,0.094909608,0.55747962,0.747707725,0.164469033,0.454789877,7.07644701,6.953441362992516,7.064000067736672,7.0885253,Austria
2018,10.26608753,0.81793046,66.67500305,0.84515959,-0.221662477,0.921170175,0.648865998,0.298453927,0.226351306,6.150878906,5.8842047401594915,5.7476911020366686,5.7794757,Romania
2017,7.365028381,0.660615563,51.25,0.614849687,0.006798261,0.792389929,0.584315419,0.53824544,0.473544389,4.558937073,3.8515079716301024,4.257040270973333,4.3054814,Chad
2020,7.596050262,0.717242658,53.57500076,0.643302977,0.006313191,0.78852278,0.660658062,0.345736384,0.57730186,3.159802198,4.1781126304219285,4.407698339626667,4.2776327,Zimbabwe
2015,9.857912064,0.867987692,64.30000305,0.774544954,-0.086899519,0.69896836575,0.651638031,0.368905216,0.4937423048184345,5.615404606,5.797175989046899,5.496444212676664,5.666695,Libya
2006,9.804372787,0.87208885,58.0,0.730545938,-0.277468532,0.864982486,0.601881087,0.185065165,0.733144045,5.475948334,5.200089681475891,5.4613984005166625,5.20348,Kazakhstan
2016,9.213439941,0.82380271,63.32104755646055,0.827398598,0.122952193,0.940897942,0.588412583,0.14960672,0.313764572,5.759412289,5.344872326634917,5.540182271813336,5.728882,Kosovo
2011,7.957363129,0.715518951,59.34000015,0.927462399,0.416752011,0.775355637,0.637012541,0.307868689,0.901219606,4.161225319,4.718929603612921,4.029794473703336,4.029419,Cambodia
2021,10.2937727,0.85032618,71.15000153,0.574029803,-0.158694386,0.751816869,0.623556495,0.310851872,0.401736408,6.104214191,5.774528810664041,5.7062239741899985,5.7240577,Greece
2012,10.77464581,0.911349595,65.48000336,0.681822896,0.0551744056249999,0.437915266,0.559415758,0.380814761,0.4937423048184345,5.027186871,6.246275090094349,6.134921174109985,6.166985,Bahrain
2020,9.480043411,0.842499971,67.09999847,0.803484857,-0.048394185,0.768454254,0.758137345,0.285134345,0.752756536,4.778489113,5.673724506134771,5.519481863950004,5.287605,Sri Lanka
2013,7.934523106,0.576823056,53.77999878,0.783240497,-0.084523983,0.855955541,0.645733833,0.216339186,0.546921372,3.479412794,4.162746649158102,4.100593271273336,4.230559,Benin
2011,8.383486748,0.552593112,57.65999985,0.837551653,-0.039746966,0.907793522,0.479759604,0.231594488,0.580353677,4.634871483,4.047335976345401,4.680540461599998,4.5783777,India
2021,10.77672386,0.926076412,71.40000153,0.898229182,0.191067189,0.383990496,0.762826681,0.276232809,0.610411167,6.939435482,6.981707133656743,7.144879385613329,7.0683546,Canada
2011,9.164417267,0.705108464,65.04000092,0.464524716,-0.227116942,0.874601007,0.410856694,0.45907408,0.335884422,4.260491371,4.429077339257155,4.280168027833329,4.304195,Armenia
2013,9.801931381,0.896301091,65.18000031,0.64196521,-0.227711573,0.837299705,0.812144101,0.237609103,0.388055533,6.552796364,6.000757710107601,6.828298861280005,6.475685,Venezuela
2022,8.615270615,0.628161311,59.125,0.786439955,0.117221721,0.908888876,0.620285153,0.29150188,0.5946545414375,4.190854549,4.4804540039606735,4.622038754540007,4.268773,Ghana
2013,9.843951225,0.759138405,65.51999664,0.738716662,-0.169077858,0.614747047,0.749586701,0.22294873,0.395571351,7.442546368,5.935155274297475,6.674537404249985,6.2332354,Mexico
2015,10.62182236,0.98734349,69.90000153,0.941784263,0.324307948,0.185888708,0.7945081,0.159829989,0.620907664,7.418120861,7.373105711997066,7.441850760676669,7.3059835,New Zealand
2013,8.267324448,0.708571136,51.29999924,0.739193261,-0.032361209,0.691117585,0.661407471,0.306065738,0.57163626,3.739365578,4.583355955503649,4.521219005493338,4.5983896,Ivory Coast
2015,9.625226974,0.766368151,65.30000305,0.660318911,-0.050758671,0.824178994,0.550810456,0.299022079,0.367435127,4.975589752,5.224404310751371,5.071042596560002,5.085967,North Macedonia
2011,10.40214825,0.922639728,70.58000183,0.881921828,0.289619535,0.687757035,0.637833834,0.339702874,0.492513239,6.154718399,6.515949238258775,6.152868426649993,6.39041,Malta
2021,11.53758144,0.849838138,71.30000305,0.846344113,0.132696584,0.360423386,0.732733727,0.245210573,0.623389423,6.827651978,6.990144581657825,6.796933000869999,6.7493277,Ireland
2020,7.720122814,0.823137581,60.29999924,0.768694282,0.186139315,0.783822417,0.614591181,0.251514345,0.720072985,4.549219608,4.57395027380457,4.457001376150004,4.081172,Ethiopia
2012,9.309930801,0.778859854,67.0,0.419789314,-0.013350217,0.95342195,0.468601346,0.338240683,0.194952324,4.773144722,4.834281358440599,4.945021712073331,4.9756327,Bosnia and Herzegovina
2022,9.508264542,0.89949137,65.94999695,0.921780527,-0.011156131,0.839272022,0.820756733,0.237517416,0.3015365500666667,6.137611866,6.22780251346861,5.948554836879995,5.9719768,Paraguay
2012,8.356863976,0.856181741,62.43999863,0.702731669,-0.081130072,0.892036796,0.579561055,0.182383269,0.513287067,5.207785606,4.822235912141071,5.134051524809992,5.3223634,Kyrgyzstan
2008,8.145339012,0.622255147,53.41999817,0.838006318,0.118111417,0.862870395,0.674331009,0.172045439,0.665988922,4.965134621,4.466488673936027,4.524485832850001,4.6383452,Ghana
2020,8.94636631,0.804810882,63.45000076,0.877031922,-0.052821815,0.868208289,0.728823423,0.381791174,0.168832317,5.559258938,5.631219958200269,5.627273046080015,5.6565876,Bolivia
2020,9.990978241,0.921070337,67.5,0.907761931,-0.091452166,0.491007835,0.720520616,0.264692068,0.665177822,6.309681416,6.290518323631613,6.453739903896656,6.4030237,Uruguay
2019,8.214752197,0.624768078,56.20000076,0.686451972,-0.056287225,0.74058944,0.594482303,0.40504083,0.541197777,5.212622643,4.257739557758299,4.9174291928366705,5.0815682,Congo (Brazzaville)
2007,10.64175797,0.891524911,61.59999847,0.622070193,0.003790664,0.4860665499999999,0.718202651,0.23154743,0.4937423048184345,7.266694069,6.34484638450264,6.457539888993338,6.6769896,Saudi Arabia
2022,7.645281792,0.641625226,55.79999924,0.817642868,-0.019203309,0.745646715,0.655434608,0.407665402,0.5398145119333333,4.210547924,4.303724721324642,4.253481691629998,4.3408113,Mali
2020,8.718341827,0.616411507,60.59999847,0.906415939,0.071107663,0.780127108,0.686477244,0.383293122,0.798643291,4.223865509,4.7760354808479235,4.6343807362800025,4.4174366,India
2017,9.110595703,0.8263425006249999,65.09999847,0.894638504357143,-0.0134767855625,0.7799897743846155,0.6174444934,0.209997343875,0.848363041875,5.175278664,5.208247524807376,5.240144548530009,5.255501,Vietnam
2014,9.126399994,0.725150704,60.81999969,0.646006584,0.004878337,0.726008117,0.538857281,0.563631117,0.512633264,4.541502476,4.844813852253335,4.685527023619999,4.753184,Iraq
2006,7.929926872,0.760252059,55.5,0.735723555,-0.056021299,0.805329144,0.687083721,0.224989697,0.371702313,4.417352676,4.828255840981516,4.433995168220004,4.3094745,Senegal
2022,10.72598648,0.81003511,73.92500305,0.723479927,0.00342142,0.747344434,0.584980786,0.232855499,0.3117792111875,5.950013638,6.091853836703889,6.094325318216675,6.095261,South Korea
2018,9.043848038,0.827159464,63.15000153,0.863246858,-0.094124205,0.786044598,0.705477774,0.387468874,0.399588227,5.915734291,5.557795201696859,5.738047859643338,5.844925,Bolivia
2021,7.659465313,0.573393524,55.40000153,0.672789276,-0.000230506,0.90156728,0.639572978,0.438466877,0.499018282,4.11309576,3.9267077547346716,3.7301974876266644,3.7279491,Mali
2012,8.013453484,0.605528593,59.68000031,0.955595791,0.244801208,0.890136123,0.713434279,0.351858586,0.82517308,3.898706913,4.632376948768492,4.070734658160001,4.138296,Cambodia
2008,8.629970551,0.798442245,61.47999954,0.860842586,0.08057484,0.816584587,0.773812234,0.384014696,0.566654027,4.589065075,5.506897837444512,5.195124602310006,5.2096763,Philippines
2013,7.423007488,0.749632955,57.70000076,0.904272258,-0.027295494,0.117165409,0.727639854,0.167348459,0.969534508,3.466387749,5.029915128100683,3.6430799108699996,3.5854774,Rwanda
2019,11.36999321,0.943726361,71.09999847,0.892458677,0.068902165,0.372803569,0.758422494,0.223299861,0.581215978,7.254841328,7.207245356461678,7.141244193720004,7.0845184,Ireland
2013,9.348740578,0.766827762,67.0,0.39034158,0.041170698,0.969836235,0.489300579,0.314516038,0.1134464,5.123664379,4.8914472789796015,4.8892434755966585,5.0092387,Bosnia and Herzegovina
2017,9.428893089,0.830123365,69.15000153,0.826552153,-0.157149538,0.895384133,0.767763197,0.393873721,0.254595339,5.710936546,5.958890379723991,5.768380808779997,5.7714653,Peru
2016,9.573143005,0.768302798,53.07500076,0.851694882,-0.243528172,0.729171813,0.657055497,0.251836598,0.803130805,3.498936653,4.998785405012502,3.904379449776667,3.9011395,Botswana
2016,9.691885948,0.894894958,66.52500153,0.614370823,-0.071555763,0.889765203,0.492267966,0.298126608,0.450123101,5.752754688,5.208583845528736,5.3509594344866755,5.368051,Serbia
2012,8.846538544,0.775008678,64.66000366,0.856053472,-0.128692746,0.814884901,0.546053529,0.221355975,0.856453717,5.53456974,4.804457704676469,4.978369310713339,4.888057,Vietnam
2015,7.630509377,0.830189168,53.0,0.633753538,-0.066475324,0.800046742,0.695829928,0.243003011,0.572915018,4.582098484,4.463463486740661,3.9139917190366638,3.550993,Mali
2010,8.464909554,0.854824424,57.70000076,0.648155332,-0.070116132,0.736897171,0.589273751,0.220789164,0.4937423048184345,4.435159683,4.872218547296889,4.5209816129966685,4.5648017,Sudan
2007,8.823967934,0.810852408,65.91999817,0.8483982140909091,-0.178882852,0.737993370973274,0.663977444,0.158613518,0.4937423048184345,4.86286211,5.485922610961509,4.973032878256673,5.0987453,China
2009,7.313473701,0.805780947,44.0,0.411089182,-0.061251741,0.930817783,0.660172701,0.218418732,0.285287261,4.055914402,3.9346650832199153,3.850878037676664,3.7179358,Zimbabwe
2014,11.38072586,0.822033048,73.01999664,0.834887624,0.149434522,0.132603154,0.774240196,0.180232763,0.843872547,7.062364578,7.139130557764032,6.638827912076669,6.3826847,Singapore
2016,9.652217865,0.871212244,65.5,0.706179321,0.075623147,0.869719028,0.587329805,0.292294681,0.256954134,5.34574604,5.61514560232677,5.471543690363338,5.5202293,North Macedonia
2015,8.552596092,0.772375524,61.29999924,0.534057677,-0.097825289,0.848082721,0.829365373,0.31076616,0.296962649,4.845436573,5.247721446183693,5.365333769303336,5.1417074,Honduras
2022,7.585588455153846,0.228217229,54.875,0.368377149,0.0597985965384615,0.733197868,0.205867782,0.575511873,0.3820145564615384,1.2812711,2.278744802543226,2.847484870649999,3.1516645,Afghanistan
2014,11.04116249,0.941161931,71.0,0.956316173,0.175213441,0.404825836,0.802207887,0.194354936,0.699690521,7.444470882,7.228852668712259,7.5204561566600026,7.429579,Norway
2009,7.860245228,0.818258047,58.65999985,0.937233329,0.15098305,0.96477896,0.691364467,0.187686995,0.902666688,4.110625744,4.7405941270996514,3.9347000845299993,4.14344,Cambodia
2022,11.18412018,0.880787432,73.09999847,0.848361075,0.128131226,0.234620094,0.710059524,0.179944366,0.770718,6.883844376,6.908638982952235,6.7001273314733325,6.826675,Switzerland
2015,11.53245354,0.8633251190000001,66.40000153,0.8980043329999999,0.1198649444999999,0.183798134,0.6721056306666666,0.3026852806666666,0.888471901,6.374529362,6.836051332148493,6.656167441933321,6.6878805,Qatar
2012,10.63348961,0.86948663,71.30000305,0.570094943,0.109010942,0.908323646,0.651434124,0.387652248,0.280694604,5.839313984,6.1478793910948575,6.74285175484332,6.539459,Italy
2021,10.6972084,0.810740769,73.65000153,0.717086375,-0.031413686,0.685114563,0.566271067,0.22117126,0.433829188,6.112745285,5.997985918203909,6.026956119493343,6.2152514,South Korea
2015,9.384984016,0.855889201,67.5,0.800870478,-0.117104702,0.665827513,0.816486955,0.322946101,0.522347212,5.964075089,6.073467174844836,6.112244432870004,6.3221474,Ecuador
2013,11.63559151,0.916683257,71.09999847,0.789655447,-0.063244693,0.300811768,0.60076052,0.184799984,0.736690223,7.130809307,6.792226809369659,6.550233060516659,6.627325,Luxembourg
2006,11.06919479,0.951352119,71.16000366,0.91895771,0.284541279,0.407931417,0.742093623,0.211929336,0.631593525,7.473252773,7.272104748025825,7.391518913879995,7.385116,Switzerland
2014,8.533008575,0.790214539,61.5,0.695982575,0.014047259,0.834350109,0.794057786,0.299388498,0.329523891,5.055726051,5.392027868719797,5.066600368740011,5.0930347,Honduras
2016,10.60459614,0.930369377,71.34999847,0.916023612,0.340884507,0.696494639,0.644831896,0.355443776,0.618818283,6.590842247,6.538427752943717,6.606324472289997,6.515641,Malta
2008,9.384228706,0.850137472,64.87999725,0.848116636,-0.047724124,0.72759831,0.653890312,0.329416394,0.538045287,4.84230566,5.727815944597857,5.497564117070002,5.617208,Dominican Republic
2014,10.18445492,0.923642278,67.81999969,0.875357091,-0.067119926,0.897741735,0.681014657,0.222643748,0.252522856,5.750282288,6.271111031986644,6.234237984063334,6.215537,Poland
2011,8.944543839,0.731277883,64.22000122,0.747246385,-0.129943877,0.706552804,0.830042779,0.336321533,0.490076542,4.741294861,5.619791796767299,5.843555355036665,6.169715,El Salvador
2014,9.315420151,0.943436682,59.47999954,0.752354145,0.142303243,0.908596814,0.511573672,0.170421317,0.337257385,4.824834824,5.293888527171031,5.078369857279995,5.247406,Mongolia
2018,7.384089947,0.649638355,52.09999847,0.716484487,0.096171036,0.855733216,0.533417523,0.466266662,0.779726207,4.305683136,3.6062762995311353,3.962762564700006,3.8939383,Sierra Leone
2009,9.796974182,0.736411929,65.33999634,0.664733827,0.06963098,0.937024593,0.471758723,0.401288748,0.371836841,5.205998898,5.088522123893753,4.794688537896677,4.872005,Lebanon
2009,10.82205677,0.93889159,69.18000031,0.949335575,0.259391248,0.205769762,0.781798959,0.233584777,0.626578152,7.683358669,7.350811507736129,7.550617450063341,7.481375,Denmark
2010,10.55595398,0.822123706,70.80000305,0.755362809,0.0680959,0.833427012,0.699333131,0.295705855,0.452459902,6.386546135,6.253066572758579,6.286891962643338,6.385912,Cyprus
2018,9.769048691,0.861986339,63.79999924,0.866641581,-0.152807519,0.76227355,0.719369948,0.291403025,0.42177102,5.433215618,5.9076614753453764,6.061785534240003,5.963396,Dominican Republic
2019,10.6628685,0.83840245,71.90000153,0.709478855,-0.086302891,0.865528047,0.568893611,0.327960074,0.221925855,6.445416927,5.987414869312886,6.013037352530005,6.06668,Italy
2012,9.479447365,0.879158199,63.91999817,0.840129375,-0.064213857,0.727300286,0.724792302,0.297043145,0.43158412,4.753311157,5.950475885854917,5.982134358143338,6.043724,Dominican Republic
2009,10.8878336,0.911793768,66.72000122,0.830683827,0.196252614,0.665393829,0.75276643,0.2616615,0.503047287,7.158032417,6.7678744900909145,7.036736342060009,7.106677,United States
2013,9.474287987,0.896510422,63.15999985,0.568715692,-0.222087637,0.937324286,0.571862519,0.224595502,0.189184397,4.710802555,5.286698700977954,5.247432823136667,5.312845,Ukraine
2012,8.123253822,0.74283731,50.47999954,0.766064227,-0.038270786,0.898028791,0.616639733,0.284447879,0.533314586,4.244634151,4.360710216831219,4.518695652496665,4.603098,Cameroon
2013,10.07410812,0.889009714,62.20000076,0.781591058,-0.232905626,0.819989383,0.629011273,0.164444029,0.662005246,5.835483074,5.561642675866416,5.701465067863326,5.6115475,Kazakhstan
2021,10.89898014,0.862975955,71.15000153,0.794845939,0.159445032,0.500808597,0.721865237,0.259080172,0.61045897,7.079640865,6.612828899040249,6.760163936500002,6.8437004,Austria
2012,9.624428749,0.906098127,67.45999908,0.846932828,0.377990574,0.908612072,0.732703328,0.137503058,0.702815235,6.300235271,5.98808781849025,5.922709998333337,6.003439,Thailand
2009,10.71381187,0.904143453,64.76000214,0.895931423,0.032867864,0.506103933,0.707422376,0.421889484,0.4937423048184345,5.700523376,6.689298400101274,6.756024556126662,6.3497562,Bahrain
2018,9.359485626,0.851345003,68.25,0.869363725,-0.102550164,0.830743194,0.817419887,0.328171045,0.402085185,6.128010273,6.055701881235867,6.086857207646673,6.174876,Ecuador
2017,5.943209171,0.895879328,64.75,0.635505021,0.054433815,0.843969226,0.697486162,0.362984866,0.241123602,5.070750713,4.507442990042421,4.952950239936674,4.8566637,Venezuela
2017,10.58478832,0.903158188,71.84999847,0.755560756,-0.0361076,0.791268766,0.601178527,0.302387655,0.269585967,6.230173111,6.255920912972607,6.399953773926663,6.6684237,Spain
2019,9.727708817,0.814638495,66.09999847,0.724710405,0.019857395,0.922597229,0.515054047,0.303605884,0.265988678,5.015485287,5.313125980081406,5.211492212613338,5.200352,North Macedonia
2021,9.271267891,0.799493909,65.5,0.896800399,0.106941305,0.797787547,0.650598168,0.28043741,0.848363041875,5.540249825,5.287926758326133,5.233867460823339,5.18159,Vietnam
2010,8.474308968,0.802938998,62.29999924,0.645528495,0.104215398,0.81994009,0.745393693,0.259946257,0.302966446,5.866131306,5.36850413257266,5.41944085124334,5.431047,Honduras
2014,9.606963158,0.799433351,62.81999969,0.732772946,-0.211433947,0.65384531,0.502086222,0.219982117,0.778209925,5.25153017,4.989658510241782,5.1963036252166805,5.0591006,Azerbaijan
2005,10.66205788,0.96789217,69.80000305,0.9349733,0.2602508146666666,0.390415937,0.769770324,0.23801209,0.532063305,7.340688229,7.280018860482912,7.219471998113337,7.314092,Australia
2017,11.26124382,0.943481982,70.90000153,0.905341148,0.212120265,0.33708474,0.771208107,0.212784126,0.603799641,7.060155392,7.291337021080762,7.226317710900007,7.217006,Ireland
2011,9.947520256,0.770422995,65.48000336,0.840359092,-0.018508431,0.841504574,0.785432994,0.154874966,0.785984397,5.786367416,5.792113371875287,6.579637522723336,5.8520155,Malaysia
2016,8.938013077,0.821298718,61.92499924,0.907595754,-0.073148958,0.791962206,0.807433665,0.290232718,0.771626711,5.430832863,5.516052208510882,5.684423322693343,5.698706,Philippines
2013,9.265080452,0.647967458,66.54000092,0.536287725,-0.211687595,0.886026919,0.434686065,0.23915638,0.320763677,5.245604992,4.494134778572395,4.505382757129994,4.512666,Tunisia
2015,10.25811291,0.88261503,68.30000305,0.846669197,-0.011002043,0.809942901,0.777305126,0.263825864,0.375584841,6.605550289,6.42312597880845,6.583941885633341,6.636691,Panama
2017,11.65256405,0.905435503,71.55000305,0.90282172,0.037715722,0.330173582,0.72573179,0.184467003,0.73892206,7.061380863,7.13205573970432,6.996486700316663,6.882352,Luxembourg
2016,10.88699055,0.845222056,70.17500305,0.840967178,-0.077913791,0.512453802,0.642740011,0.314922988,0.799622059,5.947194576,6.263921084832317,6.140826074366662,6.0358825,Kuwait
2021,10.42207718,0.947892129,67.5,0.727489948,-0.044104263,0.831555367,0.668148637,0.191949174,0.416566133,6.226647854,6.093647812944557,6.340169358306671,6.356405,Hungary
2016,10.45889568,0.934487343,70.17500305,0.903551102,-0.05846896,0.838474393,0.597172439,0.271624178,0.249845102,5.936821461,6.326782078573766,6.158550852059995,6.1054373,Slovenia
2014,7.020313263,0.752533853,53.65999985,0.687634289,-0.046983983,0.60472846,0.628695428,0.20466128,0.579107881,4.180943489,4.20396547130602,4.08089608189,4.0482926,Niger
2012,8.934686661,0.802148998,60.65999985,0.865472019,0.01753778,0.820923984,0.808444262,0.349404961,0.502455831,5.855717182,5.647296460476003,5.625154913330003,5.5663695,Guatemala
2021,10.79452896,0.97028929,71.15000153,0.96318984,-0.037466645,0.191753656,0.75161171,0.175448626,0.713731229,7.794377804,7.098818021888608,7.759325327779991,7.742075,Finland
2017,10.04789066,0.91380167,67.5,0.897851646,-0.10079544,0.626581967,0.742276073,0.280323356,0.413032115,6.336009979,6.42446659765049,6.3816456875233225,6.406125,Uruguay
2012,7.252150536,0.658794284,56.31999969,0.776308239,-0.043731738,0.7319249907777778,0.555734932,0.137166128,0.771722778875,4.561168671,3.9045846596337768,4.111568623386671,4.310052,Ethiopia
2009,7.998597145,0.629426777,56.75999832,0.507845283,-0.078846201,0.838115692,0.626087248,0.167317495,0.318495363,3.47602725,4.271616884319471,4.083560091673334,4.005752,Comoros
2018,10.43531322,0.887113273,70.875,0.877404213,-0.265426725,0.87972784,0.645731986,0.317994744,0.520630658,5.919822693,6.0272539630088104,6.08067129613999,6.103949,Portugal
2013,9.14868927,0.793760836,61.86000061,0.780690789,0.373507231,0.972668588,0.777257264,0.249146357,0.683505118,5.292237759,5.458277602714475,5.2159277328266676,5.2625585,Indonesia
2009,8.163739204,0.667008698,48.90000153,0.759862185,-0.152185246,0.902262032,0.554681003,0.186183736,0.423931181,4.197181702,4.116495445907841,4.412866065480004,4.466358,Ivory Coast
2022,10.87826824,0.922732711,71.05000305,0.889889002,0.096943997,0.48338443,0.718479693,0.234773248,0.4356184686428572,6.856874466,6.883946666508866,7.049784256653337,7.0799994,Belgium
2017,9.208023071,0.695109367,61.75,0.627722025,0.003338003,0.757108808,0.48701793,0.59053874,0.424050778,4.462399006,4.7137467191420654,4.413435217663333,4.420064,Iraq
2013,9.370764732,0.559165776,64.0,0.722127616,-0.257166564,0.348713607,0.467081726,0.199907079,0.633562744,4.348920822,4.76918868731039,4.349069588243341,4.452155,Georgia
2017,9.253032684,0.792087257,63.32104755646055,0.857676744,0.114815354,0.92519182,0.616912186,0.185879096,0.298196137,6.149199963,5.404051347487695,5.590911215143337,5.5985,Kosovo
2012,10.39248085,0.924753785,69.51999664,0.904386282,-0.023311013,0.890754104,0.598477244,0.283989847,0.238065988,6.062891006,6.297279886224816,5.940938100830005,5.878135,Slovenia
2017,9.54326725,0.870313287,55.15000153,0.787427902,-0.138549432,0.864781916,0.708703458,0.268175244,0.423274219,4.513655186,5.442677234844059,4.826884199076674,5.165988,South Africa
2018,9.689579964,0.84891516,65.90000153,0.744800925,-0.045637872,0.909934342,0.511837602,0.298352867,0.396141589,5.239834785,5.2788299056248675,5.2790799379833375,5.1869917,North Macedonia
2009,9.958084106,0.812449574,65.22000122,0.60582763,-0.200456828,0.96679461,0.544521034,0.270051271,0.231964737,5.367565155,5.345965438624859,4.874041393646672,4.9108934,Romania
2015,9.317831039,0.905524373,59.90000153,0.685510755,0.169322208,0.900218189,0.532772839,0.207652658,0.226754889,4.982719898,5.3030875901802546,4.99466304851,5.3006124,Mongolia
2011,10.43418026,0.91351074,67.81999969,0.787180007,-0.110400707,0.949787855,0.623200595,0.252808869,0.206286699,6.331490993,6.143116876797933,6.322811913586675,6.2401047,Czechia
2006,9.414028168,0.852453351,60.91999817,0.623814106,-0.262653708,0.929431498,0.551184297,0.249234051,0.15470925,4.803954124,5.232775856488804,5.209700442153331,4.9863267,Ukraine
2011,8.537691116,0.690877795,57.77999878,0.881633818,0.456965566,0.587321937,0.746239841,0.225278497,0.981803596,4.703749657,5.14851750355124,4.807711216679988,4.742493,Laos
2019,7.718692303,0.805487394,58.20000076,0.704376638,0.134901896,0.825612605,0.689078808,0.385220796,0.558205307,4.948051453,4.662360245539865,4.379138754233333,4.47718,Uganda
2013,10.85205364,0.924705446,71.01999664,0.918995857,0.30050984,0.504529953,0.764698267,0.23544322,0.542986929,7.406550407,7.096250319903756,7.28228382916,7.3535914,Netherlands
2014,6.906826973,0.822286069,51.90000153,0.556099296,0.010331606,0.813676,0.519370258,0.304635078,0.31167382,4.414299965,3.9078701226640042,4.199551982186662,4.2798767,Congo (Kinshasa)
2019,7.704833031,0.754558086,54.59999847,0.67040509,-0.0361422,0.846340001,0.645860672,0.357764512,0.4787485,4.98799181,4.317973601894714,4.195341943173329,4.1922464,Mali
2020,8.958444595,0.781140387,62.02500153,0.932041705,-0.110944264,0.744283676,0.792735636,0.326889008,0.802727103,5.079585075,5.405640181528767,5.594537639550012,5.850164,Philippines
2022,9.637630463,0.800070286,66.75,0.570203483,0.211653218,0.766079903,0.521017969,0.465916991,0.6297374436153846,4.976995468,5.071589708972837,5.0272165553166674,4.7565136,Iran
2005,9.800280571,0.819936395,66.09999847,0.623114944,-0.1542498572,0.876998603,0.478679717,0.3721718032666666,0.4937423048184345,4.718733788,5.168761273824565,5.142804683153335,4.851048,Turkiye
2009,9.084740639,0.680006921,64.55999756,0.441412747,-0.215106979,0.881887496,0.479002982,0.411279917,0.37395224,4.177581787,4.465325900995662,4.478502975313324,4.5088983,Armenia
2015,8.010486603,0.70153451,58.20000076,0.719533265,-0.114150435,0.765490174,0.709879577,0.207667634,0.622598588,4.61700058,4.599106525357204,4.282670458120002,4.4238825,Senegal
2008,9.133691788,0.777106822,66.98000336,0.637672365,-0.069366053,0.89643985,0.701445818,0.353949875,0.173054844,5.129230976,5.569972465185661,5.309611070933337,5.218492,Peru
2014,8.531302452,0.621466637,58.74000168,0.809382915,-0.027680526,0.832141995,0.651042819,0.284582049,0.733619034,4.424379349,4.531345980206666,4.417202363829996,4.183789,India
2010,6.932192802,0.654964983,51.90000153,0.817219734,-0.023482436,0.528980315,0.71503073,0.125837803,0.779490769,4.101016045,4.244379129099592,4.400381762139999,4.1485367,Niger
2014,10.92564297,0.8734112381999999,70.0,0.8158136129999999,-0.0554445907142857,0.512453802,0.698902893,0.2441187448,0.799622059,6.180138588,6.4500876612379905,6.549264368949993,6.590913,Kuwait
2012,9.104750633,0.826219797,61.75999832,0.602418542,-0.05239689,0.955484569,0.563796163,0.313725889,0.21462217,5.995712757,5.052402931760476,5.459050680790002,5.4995694,Moldova
2015,10.67696476,0.895719409,71.69999695,0.817036211,-0.14313674,0.640602052,0.740427256,0.215400279,0.328252703,6.357625008,6.700016368280982,6.539929900133341,6.504702,France
2011,6.996473789,0.817624569,46.91999817,0.639206827,-0.026565693,0.718758941,0.565073431,0.243416056,0.629928231,4.971111774,3.8622040226987835,4.398901522946664,4.510612,Mozambique
2006,10.17208767,0.886789143,61.77999878,0.840088725,0.141344205,0.917428493,0.75001967,0.229044273,0.313278943,5.832188606,6.2707197855184,6.234393596629994,6.3245044,Trinidad and Tobago
2011,9.863549232,0.732914627,65.45999908,0.657106042,0.0004487,0.910560846,0.506424606,0.320167035,0.2250021574545454,5.187571526,5.244410574618961,4.934052046080008,4.8965545,Lebanon
2020,9.364500999,0.917789161,60.40000153,0.718491018,0.140477866,0.842827678,0.574730396,0.259983033,0.328301549,6.011364937,5.390592005615726,5.592250830373328,5.8369246,Mongolia
2018,8.534989357,0.740854204,54.07500076,0.789881051,-0.011638634,0.865602672,0.761656404,0.256469876,0.45174095,5.252288342,4.957445324662963,4.921766324833339,4.9830685,Nigeria
2010,7.538239956,0.830155492,52.09999847,0.800667286,-0.01694892,0.854991913,0.627986968,0.251241982,0.662705898,4.192882061,4.386043937661125,4.190174792536667,4.119966,Uganda
2009,8.890479088,0.833815634,59.81999969,0.643478751,0.193860427,0.754889369,0.813852191,0.239741579,0.339307934,6.451916218,5.724911733199299,5.773936256409984,5.6928244,Guatemala
2013,8.896345139,0.80273807,62.29999924,0.845931649,-0.068189763,0.811856568,0.721060872,0.410301536,0.433674455,5.767428875,5.483202958800636,5.643580285686674,5.8069644,Bolivia
2007,9.365398407,0.847544849,65.12000275,0.886246681,-0.010273828,0.771574259,0.72255975,0.260098964,0.484912902,5.081305981,5.929094474677994,5.55372076589667,5.654068,Dominican Republic
2019,11.18139076,0.861533284,66.0,0.911419511,0.119297586,0.2991170386666666,0.730051637,0.283763289,0.4937423048184345,6.710782528,6.953708481626203,6.672598436693326,6.612218,United Arab Emirates
2018,7.16464138,0.738480449,49.95000076,0.896621585,0.047143135,0.691220403,0.62029469,0.397278726,0.832037926,4.653713703,4.06481875977931,4.630393141110007,4.7519155,Mozambique
2006,9.189364433,0.910188437,64.44000244,0.671074986,-0.09399841,0.900686622,0.785477042,0.356847465,0.121483915,5.02419138,6.016921150529441,5.862857658090002,5.6828384,Ecuador
2015,7.540040016,0.478593409,54.20000076,0.771577239,-0.088980012,0.733261764,0.59704268,0.415780723,0.500700116,3.768301964,3.8599800650799665,3.4260684536966655,3.7332606,Togo
2011,8.502156258,0.637117505,53.38000107,0.744807184,-0.13448514,0.832713723,0.601302743,0.28787604,0.468380183,4.509824276,4.408587311783283,4.1229840875433315,3.9527743,Congo (Brazzaville)
2013,9.763354301,0.735565186,66.44000244,0.502264977,-0.179485664,0.69337213,0.493074238,0.331081718,0.392235279,5.074341774,5.047567647146252,5.224152793903332,5.205331,Montenegro
2007,9.866742134,0.871497095,65.16000366,0.843627632,0.086885467,0.79905206,0.719230771,0.162261575,0.750705838,6.238904476,5.934911711297913,5.887571800473336,5.963051,Malaysia
2017,9.455109596,0.637698293,69.05000305,0.74961102,-0.030505668,0.876134634,0.547240436,0.33388412,0.457737535,4.639548302,4.995616180185344,4.865506505163338,4.713788,Albania
2008,9.526556969,0.860013783,61.56000137,0.486626983,-0.270722479,0.929175198,0.544517279,0.185805932,0.159723967,5.172380447,5.1279485654588655,5.095204203823328,5.145487,Ukraine
2010,8.910987854,0.756653905,64.40000153,0.669337869,-0.067398205,0.694180071,0.822752953,0.302185982,0.522518575,6.739911079,5.589935539276336,5.8751026319933315,6.192232,El Salvador
2015,8.477441788,0.856584549,63.70000076,0.813175857,0.197422013,0.857725024,0.658385754,0.173476428,0.58429265,4.905375957,5.219467887518693,5.241939839556671,5.0979185,Kyrgyzstan
2006,8.670664787,0.834279954,60.90000153,0.770134747,-0.045580111,0.794484198,0.708094001,0.431944966,0.536309421,5.373986244,5.360457412189582,5.230902301383336,5.3110867,Bolivia
2012,10.09074974,0.901776373,66.54000092,0.747498393,-0.151319563,0.816546202,0.744064212,0.272219121,0.418255478,6.468387127,6.137300309531701,6.3342925453499985,6.4164195,Argentina
2017,10.82858467,0.921639085,70.30000305,0.856801987,0.05037817,0.543046057,0.713402271,0.233597696,0.449731916,6.928347588,6.786348846290339,6.998174734123328,6.976326,Belgium
2019,8.548215866,0.617295742,56.90000153,0.684675574,0.114548564,0.775998056,0.488940775,0.424240083,0.511037052,4.442717552,4.202305112194832,4.8355395983633365,4.9964113,Pakistan
2012,10.42490005,0.91242677,67.94000244,0.739808738,-0.157697842,0.956799686,0.634971499,0.256508142,0.169811338,6.334149361,6.1125901693621945,6.371969539433342,6.2063956,Czechia
2005,10.55191517,0.927711964,72.40000153,0.867779255,-0.1750711324666666,0.698929727,0.685981691,0.15315105,0.350331277,6.515817165,6.7000179938068865,6.2901582224200085,6.521299,Japan
2021,8.378979683,0.712757587,61.90000153,0.965093315,0.015026662,0.84435308,0.759146988,0.391309649,0.7778089443333333,4.555141449,5.002781803281181,4.725794870823334,4.6266108,Cambodia
2013,8.662359238,0.962780654,63.02000046,0.949539959,-0.040499594,0.433931798,0.686188698,0.130197287,0.9436735435,5.939986229,5.690784899562093,5.855358346333348,5.9814625,Uzbekistan
2018,7.783066273,0.775388479,52.625,0.762674868,-0.05121934,0.844208658,0.657523572,0.211725846,0.550507784,3.616479874,4.394040345991932,3.9125029396466653,3.7373426,Zimbabwe
2022,8.28515625,0.753276348,62.125,0.844221771,0.153193608,0.760407746,0.472944528,0.341525853,0.49984362725,5.47417593,4.596159796079775,4.810400649760003,4.8844514,Nepal
2022,10.01140499,0.893329561,67.25,0.825188935,-0.127506226,0.810037434,0.724068344,0.284279197,0.381223673,6.260993481,6.062166686939431,6.1172168192066545,6.1173363,Argentina
2017,9.434254646,0.697924912,66.55000305,0.613697052,-0.15228498,0.86468333,0.552406728,0.43714875,0.246900991,4.287736416,5.023093437292616,4.7983373928733295,4.778704,Armenia
2011,7.232430458,0.612736762,50.65999985,0.733463824,0.073304281,0.852994204,0.619638383,0.268474787,0.419558853,3.946062565,3.95802092275769,4.181720582683334,4.2553906,Malawi
2017,7.587156773,0.507805228,55.20000076,0.716694415,-0.062541232,0.725519598,0.614387572,0.425824255,0.48495236,4.360805035,3.9449607219767096,3.6082481923066645,4.170554,Togo
2011,10.5345974,0.843654513,70.95999908,0.745468855,0.175204977,0.840676486,0.682390809,0.272299588,0.399997503,6.689608574,6.295201576019506,6.337927707016672,6.3887863,Cyprus
2015,9.441860199,0.517371595,64.19999695,0.639944971,-0.207956687,0.50241679,0.44771415,0.233192086,0.254327297,4.121940613,4.727052019336586,4.36961169715334,4.095459,Georgia
2012,6.980211735,0.700107574,52.77999878,0.734430909,-0.064103708,0.777340889,0.582121611,0.141553044,0.534528375,3.798088312,3.9166789840706926,4.03968170882,4.0269403,Niger
